TradeDate,DeliveryDate,StartTime,EndTime,MW
2023-11-19,2023-11-18,2023-11-18T23:00:00,2023-11-18T23:30:00,3363.8
2023-11-19,2023-11-18,2023-11-18T23:30:00,2023-11-19T00:00:00,3357.1
2023-11-19,2023-11-19,2023-11-19T00:00:00,2023-11-19T00:30:00,3292.6
2023-11-19,2023-11-19,2023-11-19T00:30:00,2023-11-19T01:00:00,3285.7
2023-11-19,2023-11-19,2023-11-19T01:00:00,2023-11-19T01:30:00,3231.0
2023-11-19,2023-11-19,2023-11-19T01:30:00,2023-11-19T02:00:00,3220.4
2023-11-19,2023-11-19,2023-11-19T02:00:00,2023-11-19T02:30:00,3139.4
2023-11-19,2023-11-19,2023-11-19T02:30:00,2023-11-19T03:00:00,3123.9
2023-11-19,2023-11-19,2023-11-19T03:00:00,2023-11-19T03:30:00,3033.6
2023-11-19,2023-11-19,2023-11-19T03:30:00,2023-11-19T04:00:00,3018.5
2023-11-19,2023-11-19,2023-11-19T04:00:00,2023-11-19T04:30:00,2911.1
2023-11-19,2023-11-19,2023-11-19T04:30:00,2023-11-19T05:00:00,2895.3
2023-11-19,2023-11-19,2023-11-19T05:00:00,2023-11-19T05:30:00,2825.1
2023-11-19,2023-11-19,2023-11-19T05:30:00,2023-11-19T06:00:00,2808.1
2023-11-19,2023-11-19,2023-11-19T06:00:00,2023-11-19T06:30:00,2748.5
2023-11-19,2023-11-19,2023-11-19T06:30:00,2023-11-19T07:00:00,2750.4
2023-11-19,2023-11-19,2023-11-19T07:00:00,2023-11-19T07:30:00,2764.5
2023-11-19,2023-11-19,2023-11-19T07:30:00,2023-11-19T08:00:00,2770.1
2023-11-19,2023-11-19,2023-11-19T08:00:00,2023-11-19T08:30:00,2817.6
2023-11-19,2023-11-19,2023-11-19T08:30:00,2023-11-19T09:00:00,2828.5
2023-11-19,2023-11-19,2023-11-19T09:00:00,2023-11-19T09:30:00,2960.8
2023-11-19,2023-11-19,2023-11-19T09:30:00,2023-11-19T10:00:00,2974.9
2023-11-19,2023-11-19,2023-11-19T10:00:00,2023-11-19T10:30:00,3079.2
2023-11-19,2023-11-19,2023-11-19T10:30:00,2023-11-19T11:00:00,3089.0
2023-11-19,2023-11-19,2023-11-19T11:00:00,2023-11-19T11:30:00,3182.6
2023-11-19,2023-11-19,2023-11-19T11:00:00,2023-11-19T11:30:00,3185.9
2023-11-19,2023-11-19,2023-11-19T11:30:00,2023-11-19T12:00:00,3191.0
2023-11-19,2023-11-19,2023-11-19T11:30:00,2023-11-19T12:00:00,3193.8
2023-11-19,2023-11-19,2023-11-19T12:00:00,2023-11-19T12:30:00,3286.4
2023-11-19,2023-11-19,2023-11-19T12:00:00,2023-11-19T12:30:00,3286.6
2023-11-19,2023-11-19,2023-11-19T12:30:00,2023-11-19T13:00:00,3294.1
2023-11-19,2023-11-19,2023-11-19T12:30:00,2023-11-19T13:00:00,3293.7
2023-11-19,2023-11-19,2023-11-19T13:00:00,2023-11-19T13:30:00,3348.3
2023-11-19,2023-11-19,2023-11-19T13:00:00,2023-11-19T13:30:00,3352.0
2023-11-19,2023-11-19,2023-11-19T13:30:00,2023-11-19T14:00:00,3355.0
2023-11-19,2023-11-19,2023-11-19T13:30:00,2023-11-19T14:00:00,3349.0
2023-11-19,2023-11-19,2023-11-19T14:00:00,2023-11-19T14:30:00,3316.3
2023-11-19,2023-11-19,2023-11-19T14:00:00,2023-11-19T14:30:00,3311.6
2023-11-19,2023-11-19,2023-11-19T14:30:00,2023-11-19T15:00:00,3308.9
2023-11-19,2023-11-19,2023-11-19T14:30:00,2023-11-19T15:00:00,3297.9
2023-11-19,2023-11-19,2023-11-19T15:00:00,2023-11-19T15:30:00,3250.8
2023-11-19,2023-11-19,2023-11-19T15:00:00,2023-11-19T15:30:00,3243.1
2023-11-19,2023-11-19,2023-11-19T15:30:00,2023-11-19T16:00:00,3227.4
2023-11-19,2023-11-19,2023-11-19T15:30:00,2023-11-19T16:00:00,3233.1
2023-11-19,2023-11-19,2023-11-19T16:00:00,2023-11-19T16:30:00,3102.7
2023-11-19,2023-11-19,2023-11-19T16:00:00,2023-11-19T16:30:00,3102.0
2023-11-19,2023-11-19,2023-11-19T16:30:00,2023-11-19T17:00:00,3086.6
2023-11-19,2023-11-19,2023-11-19T16:30:00,2023-11-19T17:00:00,3092.6
2023-11-19,2023-11-19,2023-11-19T17:00:00,2023-11-19T17:30:00,2997.4
2023-11-19,2023-11-19,2023-11-19T17:00:00,2023-11-19T17:30:00,3004.9
2023-11-19,2023-11-19,2023-11-19T17:00:00,2023-11-19T17:30:00,2991.1
2023-11-19,2023-11-19,2023-11-19T17:30:00,2023-11-19T18:00:00,2988.9
2023-11-19,2023-11-19,2023-11-19T17:30:00,2023-11-19T18:00:00,2983.6
2023-11-19,2023-11-19,2023-11-19T17:30:00,2023-11-19T18:00:00,2978.9
2023-11-19,2023-11-19,2023-11-19T18:00:00,2023-11-19T18:30:00,2864.7
2023-11-19,2023-11-19,2023-11-19T18:00:00,2023-11-19T18:30:00,2862.7
2023-11-19,2023-11-19,2023-11-19T18:30:00,2023-11-19T19:00:00,2838.4
2023-11-19,2023-11-19,2023-11-19T18:30:00,2023-11-19T19:00:00,2821.7
2023-11-19,2023-11-19,2023-11-19T18:30:00,2023-11-19T19:00:00,2817.8
2023-11-19,2023-11-19,2023-11-19T19:00:00,2023-11-19T19:30:00,2657.8
2023-11-19,2023-11-19,2023-11-19T19:00:00,2023-11-19T19:30:00,2704.4
2023-11-19,2023-11-19,2023-11-19T19:00:00,2023-11-19T19:30:00,2663.8
2023-11-19,2023-11-19,2023-11-19T19:30:00,2023-11-19T20:00:00,2579.9
2023-11-19,2023-11-19,2023-11-19T19:30:00,2023-11-19T20:00:00,2580.0
2023-11-19,2023-11-19,2023-11-19T19:30:00,2023-11-19T20:00:00,2676.4
2023-11-19,2023-11-19,2023-11-19T20:00:00,2023-11-19T20:30:00,2494.3
2023-11-19,2023-11-19,2023-11-19T20:00:00,2023-11-19T20:30:00,2358.8
2023-11-19,2023-11-19,2023-11-19T20:00:00,2023-11-19T20:30:00,2379.7
2023-11-19,2023-11-19,2023-11-19T20:30:00,2023-11-19T21:00:00,2466.4
2023-11-19,2023-11-19,2023-11-19T20:30:00,2023-11-19T21:00:00,2284.9
2023-11-19,2023-11-19,2023-11-19T20:30:00,2023-11-19T21:00:00,2316.8
2023-11-19,2023-11-19,2023-11-19T21:00:00,2023-11-19T21:30:00,2118.5
2023-11-19,2023-11-19,2023-11-19T21:00:00,2023-11-19T21:30:00,2294.6
2023-11-19,2023-11-19,2023-11-19T21:00:00,2023-11-19T21:30:00,2080.3
2023-11-19,2023-11-19,2023-11-19T21:30:00,2023-11-19T22:00:00,2067.9
2023-11-19,2023-11-19,2023-11-19T21:30:00,2023-11-19T22:00:00,2269.3
2023-11-19,2023-11-19,2023-11-19T21:30:00,2023-11-19T22:00:00,2037.0
2023-11-19,2023-11-19,2023-11-19T22:00:00,2023-11-19T22:30:00,2116.2
2023-11-19,2023-11-19,2023-11-19T22:00:00,2023-11-19T22:30:00,1879.4
2023-11-19,2023-11-19,2023-11-19T22:00:00,2023-11-19T22:30:00,1903.3
2023-11-19,2023-11-19,2023-11-19T22:30:00,2023-11-19T23:00:00,1890.8
2023-11-19,2023-11-19,2023-11-19T22:30:00,2023-11-19T23:00:00,2100.3
2023-11-19,2023-11-19,2023-11-19T22:30:00,2023-11-19T23:00:00,1874.5
2023-11-20,2023-11-19,2023-11-19T23:00:00,2023-11-19T23:30:00,1704.6
2023-11-20,2023-11-19,2023-11-19T23:30:00,2023-11-20T00:00:00,1719.2
2023-11-20,2023-11-20,2023-11-20T00:00:00,2023-11-20T00:30:00,1746.6
2023-11-20,2023-11-20,2023-11-20T00:30:00,2023-11-20T01:00:00,1780.6
2023-11-20,2023-11-20,2023-11-20T01:00:00,2023-11-20T01:30:00,1924.2
2023-11-20,2023-11-20,2023-11-20T01:30:00,2023-11-20T02:00:00,1930.4
2023-11-20,2023-11-20,2023-11-20T02:00:00,2023-11-20T02:30:00,2137.0
2023-11-20,2023-11-20,2023-11-20T02:30:00,2023-11-20T03:00:00,2163.4
2023-11-20,2023-11-20,2023-11-20T03:00:00,2023-11-20T03:30:00,2391.4
2023-11-20,2023-11-20,2023-11-20T03:30:00,2023-11-20T04:00:00,2434.2
2023-11-20,2023-11-20,2023-11-20T04:00:00,2023-11-20T04:30:00,2630.1
2023-11-20,2023-11-20,2023-11-20T04:30:00,2023-11-20T05:00:00,2680.3
2023-11-20,2023-11-20,2023-11-20T05:00:00,2023-11-20T05:30:00,2829.6
2023-11-20,2023-11-20,2023-11-20T05:30:00,2023-11-20T06:00:00,2834.1
2023-11-20,2023-11-20,2023-11-20T06:00:00,2023-11-20T06:30:00,2941.3
2023-11-20,2023-11-20,2023-11-20T06:30:00,2023-11-20T07:00:00,2960.6
2023-11-20,2023-11-20,2023-11-20T07:00:00,2023-11-20T07:30:00,3070.1
2023-11-20,2023-11-20,2023-11-20T07:30:00,2023-11-20T08:00:00,3072.1
2023-11-20,2023-11-20,2023-11-20T08:00:00,2023-11-20T08:30:00,3130.0
2023-11-20,2023-11-20,2023-11-20T08:30:00,2023-11-20T09:00:00,3126.1
2023-11-20,2023-11-20,2023-11-20T09:00:00,2023-11-20T09:30:00,3182.5
2023-11-20,2023-11-20,2023-11-20T09:30:00,2023-11-20T10:00:00,3191.4
2023-11-20,2023-11-20,2023-11-20T10:00:00,2023-11-20T10:30:00,3226.5
2023-11-20,2023-11-20,2023-11-20T10:30:00,2023-11-20T11:00:00,3227.8
2023-11-20,2023-11-20,2023-11-20T11:00:00,2023-11-20T11:30:00,3344.7
2023-11-20,2023-11-20,2023-11-20T11:00:00,2023-11-20T11:30:00,3266.4
2023-11-20,2023-11-20,2023-11-20T11:30:00,2023-11-20T12:00:00,3278.8
2023-11-20,2023-11-20,2023-11-20T11:30:00,2023-11-20T12:00:00,3356.0
2023-11-20,2023-11-20,2023-11-20T12:00:00,2023-11-20T12:30:00,3321.5
2023-11-20,2023-11-20,2023-11-20T12:00:00,2023-11-20T12:30:00,3399.0
2023-11-20,2023-11-20,2023-11-20T12:30:00,2023-11-20T13:00:00,3330.3
2023-11-20,2023-11-20,2023-11-20T12:30:00,2023-11-20T13:00:00,3414.9
2023-11-20,2023-11-20,2023-11-20T13:00:00,2023-11-20T13:30:00,3331.6
2023-11-20,2023-11-20,2023-11-20T13:00:00,2023-11-20T13:30:00,3419.1
2023-11-20,2023-11-20,2023-11-20T13:30:00,2023-11-20T14:00:00,3402.9
2023-11-20,2023-11-20,2023-11-20T13:30:00,2023-11-20T14:00:00,3306.9
2023-11-20,2023-11-20,2023-11-20T14:00:00,2023-11-20T14:30:00,3259.3
2023-11-20,2023-11-20,2023-11-20T14:00:00,2023-11-20T14:30:00,3355.3
2023-11-20,2023-11-20,2023-11-20T14:30:00,2023-11-20T15:00:00,3240.1
2023-11-20,2023-11-20,2023-11-20T14:30:00,2023-11-20T15:00:00,3336.0
2023-11-20,2023-11-20,2023-11-20T15:00:00,2023-11-20T15:30:00,3178.3
2023-11-20,2023-11-20,2023-11-20T15:00:00,2023-11-20T15:30:00,3268.8
2023-11-20,2023-11-20,2023-11-20T15:30:00,2023-11-20T16:00:00,3156.7
2023-11-20,2023-11-20,2023-11-20T15:30:00,2023-11-20T16:00:00,3246.6
2023-11-20,2023-11-20,2023-11-20T16:00:00,2023-11-20T16:30:00,3080.3
2023-11-20,2023-11-20,2023-11-20T16:00:00,2023-11-20T16:30:00,3172.6
2023-11-20,2023-11-20,2023-11-20T16:30:00,2023-11-20T17:00:00,3160.2
2023-11-20,2023-11-20,2023-11-20T16:30:00,2023-11-20T17:00:00,3082.1
2023-11-20,2023-11-20,2023-11-20T17:00:00,2023-11-20T17:30:00,3026.5
2023-11-20,2023-11-20,2023-11-20T17:00:00,2023-11-20T17:30:00,3098.9
2023-11-20,2023-11-20,2023-11-20T17:00:00,2023-11-20T17:30:00,3085.7
2023-11-20,2023-11-20,2023-11-20T17:30:00,2023-11-20T18:00:00,3007.1
2023-11-20,2023-11-20,2023-11-20T17:30:00,2023-11-20T18:00:00,3094.0
2023-11-20,2023-11-20,2023-11-20T17:30:00,2023-11-20T18:00:00,3086.4
2023-11-20,2023-11-20,2023-11-20T18:00:00,2023-11-20T18:30:00,3031.2
2023-11-20,2023-11-20,2023-11-20T18:00:00,2023-11-20T18:30:00,3029.5
2023-11-20,2023-11-20,2023-11-20T18:00:00,2023-11-20T18:30:00,2944.7
2023-11-20,2023-11-20,2023-11-20T18:30:00,2023-11-20T19:00:00,2909.3
2023-11-20,2023-11-20,2023-11-20T18:30:00,2023-11-20T19:00:00,3011.2
2023-11-20,2023-11-20,2023-11-20T18:30:00,2023-11-20T19:00:00,3006.8
2023-11-20,2023-11-20,2023-11-20T19:00:00,2023-11-20T19:30:00,2811.8
2023-11-20,2023-11-20,2023-11-20T19:00:00,2023-11-20T19:30:00,2916.7
2023-11-20,2023-11-20,2023-11-20T19:00:00,2023-11-20T19:30:00,2921.4
2023-11-20,2023-11-20,2023-11-20T19:30:00,2023-11-20T20:00:00,2881.2
2023-11-20,2023-11-20,2023-11-20T19:30:00,2023-11-20T20:00:00,2794.6
2023-11-20,2023-11-20,2023-11-20T19:30:00,2023-11-20T20:00:00,2893.3
2023-11-20,2023-11-20,2023-11-20T20:00:00,2023-11-20T20:30:00,2781.0
2023-11-20,2023-11-20,2023-11-20T20:00:00,2023-11-20T20:30:00,2783.5
2023-11-20,2023-11-20,2023-11-20T20:00:00,2023-11-20T20:30:00,2686.9
2023-11-20,2023-11-20,2023-11-20T20:30:00,2023-11-20T21:00:00,2669.4
2023-11-20,2023-11-20,2023-11-20T20:30:00,2023-11-20T21:00:00,2752.7
2023-11-20,2023-11-20,2023-11-20T20:30:00,2023-11-20T21:00:00,2747.0
2023-11-20,2023-11-20,2023-11-20T21:00:00,2023-11-20T21:30:00,2553.4
2023-11-20,2023-11-20,2023-11-20T21:00:00,2023-11-20T21:30:00,2634.8
2023-11-20,2023-11-20,2023-11-20T21:00:00,2023-11-20T21:30:00,2617.8
2023-11-20,2023-11-20,2023-11-20T21:30:00,2023-11-20T22:00:00,2530.0
2023-11-20,2023-11-20,2023-11-20T21:30:00,2023-11-20T22:00:00,2597.2
2023-11-20,2023-11-20,2023-11-20T21:30:00,2023-11-20T22:00:00,2584.2
2023-11-20,2023-11-20,2023-11-20T22:00:00,2023-11-20T22:30:00,2408.3
2023-11-20,2023-11-20,2023-11-20T22:00:00,2023-11-20T22:30:00,2346.0
2023-11-20,2023-11-20,2023-11-20T22:00:00,2023-11-20T22:30:00,2416.6
2023-11-20,2023-11-20,2023-11-20T22:30:00,2023-11-20T23:00:00,2324.0
2023-11-20,2023-11-20,2023-11-20T22:30:00,2023-11-20T23:00:00,2382.0
2023-11-20,2023-11-20,2023-11-20T22:30:00,2023-11-20T23:00:00,2373.7
2023-11-21,2023-11-20,2023-11-20T23:00:00,2023-11-20T23:30:00,2145.7
2023-11-21,2023-11-20,2023-11-20T23:30:00,2023-11-21T00:00:00,2102.8
2023-11-21,2023-11-21,2023-11-21T00:00:00,2023-11-21T00:30:00,1907.8
2023-11-21,2023-11-21,2023-11-21T00:30:00,2023-11-21T01:00:00,1871.3
2023-11-21,2023-11-21,2023-11-21T01:00:00,2023-11-21T01:30:00,1701.0
2023-11-21,2023-11-21,2023-11-21T01:30:00,2023-11-21T02:00:00,1662.7
2023-11-21,2023-11-21,2023-11-21T02:00:00,2023-11-21T02:30:00,1482.5
2023-11-21,2023-11-21,2023-11-21T02:30:00,2023-11-21T03:00:00,1446.3
2023-11-21,2023-11-21,2023-11-21T03:00:00,2023-11-21T03:30:00,1273.3
2023-11-21,2023-11-21,2023-11-21T03:30:00,2023-11-21T04:00:00,1241.9
2023-11-21,2023-11-21,2023-11-21T04:00:00,2023-11-21T04:30:00,1101.4
2023-11-21,2023-11-21,2023-11-21T04:30:00,2023-11-21T05:00:00,1073.4
2023-11-21,2023-11-21,2023-11-21T05:00:00,2023-11-21T05:30:00,954.8
2023-11-21,2023-11-21,2023-11-21T05:30:00,2023-11-21T06:00:00,924.9
2023-11-21,2023-11-21,2023-11-21T06:00:00,2023-11-21T06:30:00,799.6
2023-11-21,2023-11-21,2023-11-21T06:30:00,2023-11-21T07:00:00,771.8
2023-11-21,2023-11-21,2023-11-21T07:00:00,2023-11-21T07:30:00,652.2
2023-11-21,2023-11-21,2023-11-21T07:30:00,2023-11-21T08:00:00,626.3
2023-11-21,2023-11-21,2023-11-21T08:00:00,2023-11-21T08:30:00,512.3
2023-11-21,2023-11-21,2023-11-21T08:30:00,2023-11-21T09:00:00,492.8
2023-11-21,2023-11-21,2023-11-21T09:00:00,2023-11-21T09:30:00,412.2
2023-11-21,2023-11-21,2023-11-21T09:30:00,2023-11-21T10:00:00,392.7
2023-11-21,2023-11-21,2023-11-21T10:00:00,2023-11-21T10:30:00,348.7
2023-11-21,2023-11-21,2023-11-21T10:30:00,2023-11-21T11:00:00,340.5
2023-11-21,2023-11-21,2023-11-21T11:00:00,2023-11-21T11:30:00,310.7
2023-11-21,2023-11-21,2023-11-21T11:00:00,2023-11-21T11:30:00,323.8
2023-11-21,2023-11-21,2023-11-21T11:30:00,2023-11-21T12:00:00,306.2
2023-11-21,2023-11-21,2023-11-21T11:30:00,2023-11-21T12:00:00,323.4
2023-11-21,2023-11-21,2023-11-21T12:00:00,2023-11-21T12:30:00,318.3
2023-11-21,2023-11-21,2023-11-21T12:00:00,2023-11-21T12:30:00,299.5
2023-11-21,2023-11-21,2023-11-21T12:30:00,2023-11-21T13:00:00,301.1
2023-11-21,2023-11-21,2023-11-21T12:30:00,2023-11-21T13:00:00,319.3
2023-11-21,2023-11-21,2023-11-21T13:00:00,2023-11-21T13:30:00,314.8
2023-11-21,2023-11-21,2023-11-21T13:00:00,2023-11-21T13:30:00,333.5
2023-11-21,2023-11-21,2023-11-21T13:30:00,2023-11-21T14:00:00,310.8
2023-11-21,2023-11-21,2023-11-21T13:30:00,2023-11-21T14:00:00,321.3
2023-11-21,2023-11-21,2023-11-21T14:00:00,2023-11-21T14:30:00,342.4
2023-11-21,2023-11-21,2023-11-21T14:00:00,2023-11-21T14:30:00,344.7
2023-11-21,2023-11-21,2023-11-21T14:30:00,2023-11-21T15:00:00,335.2
2023-11-21,2023-11-21,2023-11-21T14:30:00,2023-11-21T15:00:00,336.3
2023-11-21,2023-11-21,2023-11-21T15:00:00,2023-11-21T15:30:00,354.8
2023-11-21,2023-11-21,2023-11-21T15:00:00,2023-11-21T15:30:00,362.9
2023-11-21,2023-11-21,2023-11-21T15:30:00,2023-11-21T16:00:00,368.4
2023-11-21,2023-11-21,2023-11-21T15:30:00,2023-11-21T16:00:00,359.8
2023-11-21,2023-11-21,2023-11-21T16:00:00,2023-11-21T16:30:00,436.1
2023-11-21,2023-11-21,2023-11-21T16:00:00,2023-11-21T16:30:00,422.2
2023-11-21,2023-11-21,2023-11-21T16:30:00,2023-11-21T17:00:00,451.9
2023-11-21,2023-11-21,2023-11-21T16:30:00,2023-11-21T17:00:00,444.3
2023-11-21,2023-11-21,2023-11-21T17:00:00,2023-11-21T17:30:00,558.9
2023-11-21,2023-11-21,2023-11-21T17:00:00,2023-11-21T17:30:00,554.7
2023-11-21,2023-11-21,2023-11-21T17:00:00,2023-11-21T17:30:00,562.2
2023-11-21,2023-11-21,2023-11-21T17:30:00,2023-11-21T18:00:00,578.1
2023-11-21,2023-11-21,2023-11-21T17:30:00,2023-11-21T18:00:00,583.0
2023-11-21,2023-11-21,2023-11-21T17:30:00,2023-11-21T18:00:00,582.7
2023-11-21,2023-11-21,2023-11-21T18:00:00,2023-11-21T18:30:00,704.1
2023-11-21,2023-11-21,2023-11-21T18:00:00,2023-11-21T18:30:00,704.7
2023-11-21,2023-11-21,2023-11-21T18:00:00,2023-11-21T18:30:00,694.7
2023-11-21,2023-11-21,2023-11-21T18:30:00,2023-11-21T19:00:00,730.3
2023-11-21,2023-11-21,2023-11-21T18:30:00,2023-11-21T19:00:00,725.3
2023-11-21,2023-11-21,2023-11-21T18:30:00,2023-11-21T19:00:00,713.2
2023-11-21,2023-11-21,2023-11-21T19:00:00,2023-11-21T19:30:00,874.1
2023-11-21,2023-11-21,2023-11-21T19:00:00,2023-11-21T19:30:00,862.9
2023-11-21,2023-11-21,2023-11-21T19:00:00,2023-11-21T19:30:00,849.8
2023-11-21,2023-11-21,2023-11-21T19:30:00,2023-11-21T20:00:00,876.0
2023-11-21,2023-11-21,2023-11-21T19:30:00,2023-11-21T20:00:00,895.9
2023-11-21,2023-11-21,2023-11-21T19:30:00,2023-11-21T20:00:00,889.2
2023-11-21,2023-11-21,2023-11-21T20:00:00,2023-11-21T20:30:00,1049.2
2023-11-21,2023-11-21,2023-11-21T20:00:00,2023-11-21T20:30:00,1037.3
2023-11-21,2023-11-21,2023-11-21T20:00:00,2023-11-21T20:30:00,1026.7
2023-11-21,2023-11-21,2023-11-21T20:30:00,2023-11-21T21:00:00,1076.2
2023-11-21,2023-11-21,2023-11-21T20:30:00,2023-11-21T21:00:00,1067.1
2023-11-21,2023-11-21,2023-11-21T20:30:00,2023-11-21T21:00:00,1061.3
2023-11-21,2023-11-21,2023-11-21T21:00:00,2023-11-21T21:30:00,1244.6
2023-11-21,2023-11-21,2023-11-21T21:00:00,2023-11-21T21:30:00,1248.2
2023-11-21,2023-11-21,2023-11-21T21:00:00,2023-11-21T21:30:00,1266.9
2023-11-21,2023-11-21,2023-11-21T21:30:00,2023-11-21T22:00:00,1290.6
2023-11-21,2023-11-21,2023-11-21T21:30:00,2023-11-21T22:00:00,1274.0
2023-11-21,2023-11-21,2023-11-21T21:30:00,2023-11-21T22:00:00,1272.7
2023-11-21,2023-11-21,2023-11-21T22:00:00,2023-11-21T22:30:00,1465.3
2023-11-21,2023-11-21,2023-11-21T22:00:00,2023-11-21T22:30:00,1450.0
2023-11-21,2023-11-21,2023-11-21T22:00:00,2023-11-21T22:30:00,1447.6
2023-11-21,2023-11-21,2023-11-21T22:30:00,2023-11-21T23:00:00,1490.1
2023-11-21,2023-11-21,2023-11-21T22:30:00,2023-11-21T23:00:00,1483.8
2023-11-21,2023-11-21,2023-11-21T22:30:00,2023-11-21T23:00:00,1500.0
2023-11-22,2023-11-21,2023-11-21T23:00:00,2023-11-21T23:30:00,1586.2
2023-11-22,2023-11-21,2023-11-21T23:30:00,2023-11-22T00:00:00,1653.1
2023-11-22,2023-11-22,2023-11-22T00:00:00,2023-11-22T00:30:00,1739.1
2023-11-22,2023-11-22,2023-11-22T00:30:00,2023-11-22T01:00:00,1783.3
2023-11-22,2023-11-22,2023-11-22T01:00:00,2023-11-22T01:30:00,1889.7
2023-11-22,2023-11-22,2023-11-22T01:30:00,2023-11-22T02:00:00,1912.0
2023-11-22,2023-11-22,2023-11-22T02:00:00,2023-11-22T02:30:00,1990.7
2023-11-22,2023-11-22,2023-11-22T02:30:00,2023-11-22T03:00:00,2003.4
2023-11-22,2023-11-22,2023-11-22T03:00:00,2023-11-22T03:30:00,2057.3
2023-11-22,2023-11-22,2023-11-22T03:30:00,2023-11-22T04:00:00,2070.5
2023-11-22,2023-11-22,2023-11-22T04:00:00,2023-11-22T04:30:00,2125.5
2023-11-22,2023-11-22,2023-11-22T04:30:00,2023-11-22T05:00:00,2135.2
2023-11-22,2023-11-22,2023-11-22T05:00:00,2023-11-22T05:30:00,2179.8
2023-11-22,2023-11-22,2023-11-22T05:30:00,2023-11-22T06:00:00,2181.1
2023-11-22,2023-11-22,2023-11-22T06:00:00,2023-11-22T06:30:00,2227.9
2023-11-22,2023-11-22,2023-11-22T06:30:00,2023-11-22T07:00:00,2207.0
2023-11-22,2023-11-22,2023-11-22T07:00:00,2023-11-22T07:30:00,2245.0
2023-11-22,2023-11-22,2023-11-22T07:30:00,2023-11-22T08:00:00,2241.1
2023-11-22,2023-11-22,2023-11-22T08:00:00,2023-11-22T08:30:00,2258.8
2023-11-22,2023-11-22,2023-11-22T08:30:00,2023-11-22T09:00:00,2265.9
2023-11-22,2023-11-22,2023-11-22T09:00:00,2023-11-22T09:30:00,2297.0
2023-11-22,2023-11-22,2023-11-22T09:30:00,2023-11-22T10:00:00,2304.4
2023-11-22,2023-11-22,2023-11-22T10:00:00,2023-11-22T10:30:00,2359.7
2023-11-22,2023-11-22,2023-11-22T10:30:00,2023-11-22T11:00:00,2374.0
2023-11-22,2023-11-22,2023-11-22T11:00:00,2023-11-22T11:30:00,2448.1
2023-11-22,2023-11-22,2023-11-22T11:00:00,2023-11-22T11:30:00,2439.5
2023-11-22,2023-11-22,2023-11-22T11:30:00,2023-11-22T12:00:00,2461.9
2023-11-22,2023-11-22,2023-11-22T11:30:00,2023-11-22T12:00:00,2456.5
2023-11-22,2023-11-22,2023-11-22T12:00:00,2023-11-22T12:30:00,2519.6
2023-11-22,2023-11-22,2023-11-22T12:00:00,2023-11-22T12:30:00,2516.5
2023-11-22,2023-11-22,2023-11-22T12:30:00,2023-11-22T13:00:00,2524.3
2023-11-22,2023-11-22,2023-11-22T12:30:00,2023-11-22T13:00:00,2521.0
2023-11-22,2023-11-22,2023-11-22T13:00:00,2023-11-22T13:30:00,2559.8
2023-11-22,2023-11-22,2023-11-22T13:00:00,2023-11-22T13:30:00,2567.1
2023-11-22,2023-11-22,2023-11-22T13:30:00,2023-11-22T14:00:00,2565.8
2023-11-22,2023-11-22,2023-11-22T13:30:00,2023-11-22T14:00:00,2551.6
2023-11-22,2023-11-22,2023-11-22T14:00:00,2023-11-22T14:30:00,2574.7
2023-11-22,2023-11-22,2023-11-22T14:00:00,2023-11-22T14:30:00,2554.7
2023-11-22,2023-11-22,2023-11-22T14:30:00,2023-11-22T15:00:00,2574.4
2023-11-22,2023-11-22,2023-11-22T14:30:00,2023-11-22T15:00:00,2546.8
2023-11-22,2023-11-22,2023-11-22T15:00:00,2023-11-22T15:30:00,2569.3
2023-11-22,2023-11-22,2023-11-22T15:00:00,2023-11-22T15:30:00,2537.4
2023-11-22,2023-11-22,2023-11-22T15:30:00,2023-11-22T16:00:00,2530.4
2023-11-22,2023-11-22,2023-11-22T15:30:00,2023-11-22T16:00:00,2565.0
2023-11-22,2023-11-22,2023-11-22T16:00:00,2023-11-22T16:30:00,2564.0
2023-11-22,2023-11-22,2023-11-22T16:00:00,2023-11-22T16:30:00,2530.0
2023-11-22,2023-11-22,2023-11-22T16:30:00,2023-11-22T17:00:00,2569.5
2023-11-22,2023-11-22,2023-11-22T16:30:00,2023-11-22T17:00:00,2537.6
2023-11-22,2023-11-22,2023-11-22T17:00:00,2023-11-22T17:30:00,2582.1
2023-11-22,2023-11-22,2023-11-22T17:00:00,2023-11-22T17:30:00,2554.7
2023-11-22,2023-11-22,2023-11-22T17:00:00,2023-11-22T17:30:00,2639.3
2023-11-22,2023-11-22,2023-11-22T17:30:00,2023-11-22T18:00:00,2555.3
2023-11-22,2023-11-22,2023-11-22T17:30:00,2023-11-22T18:00:00,2643.4
2023-11-22,2023-11-22,2023-11-22T17:30:00,2023-11-22T18:00:00,2585.1
2023-11-22,2023-11-22,2023-11-22T18:00:00,2023-11-22T18:30:00,2650.2
2023-11-22,2023-11-22,2023-11-22T18:00:00,2023-11-22T18:30:00,2561.6
2023-11-22,2023-11-22,2023-11-22T18:00:00,2023-11-22T18:30:00,2594.6
2023-11-22,2023-11-22,2023-11-22T18:30:00,2023-11-22T19:00:00,2597.4
2023-11-22,2023-11-22,2023-11-22T18:30:00,2023-11-22T19:00:00,2559.9
2023-11-22,2023-11-22,2023-11-22T18:30:00,2023-11-22T19:00:00,2645.1
2023-11-22,2023-11-22,2023-11-22T19:00:00,2023-11-22T19:30:00,2602.5
2023-11-22,2023-11-22,2023-11-22T19:00:00,2023-11-22T19:30:00,2561.6
2023-11-22,2023-11-22,2023-11-22T19:00:00,2023-11-22T19:30:00,2642.0
2023-11-22,2023-11-22,2023-11-22T19:30:00,2023-11-22T20:00:00,2560.1
2023-11-22,2023-11-22,2023-11-22T19:30:00,2023-11-22T20:00:00,2633.9
2023-11-22,2023-11-22,2023-11-22T19:30:00,2023-11-22T20:00:00,2605.0
2023-11-22,2023-11-22,2023-11-22T20:00:00,2023-11-22T20:30:00,2637.5
2023-11-22,2023-11-22,2023-11-22T20:00:00,2023-11-22T20:30:00,2587.9
2023-11-22,2023-11-22,2023-11-22T20:00:00,2023-11-22T20:30:00,2656.7
2023-11-22,2023-11-22,2023-11-22T20:30:00,2023-11-22T21:00:00,2636.1
2023-11-22,2023-11-22,2023-11-22T20:30:00,2023-11-22T21:00:00,2582.7
2023-11-22,2023-11-22,2023-11-22T20:30:00,2023-11-22T21:00:00,2645.7
2023-11-22,2023-11-22,2023-11-22T21:00:00,2023-11-22T21:30:00,2656.0
2023-11-22,2023-11-22,2023-11-22T21:00:00,2023-11-22T21:30:00,2648.3
2023-11-22,2023-11-22,2023-11-22T21:00:00,2023-11-22T21:30:00,2605.2
2023-11-22,2023-11-22,2023-11-22T21:30:00,2023-11-22T22:00:00,2585.3
2023-11-22,2023-11-22,2023-11-22T21:30:00,2023-11-22T22:00:00,2643.3
2023-11-22,2023-11-22,2023-11-22T21:30:00,2023-11-22T22:00:00,2647.6
2023-11-22,2023-11-22,2023-11-22T22:00:00,2023-11-22T22:30:00,2627.4
2023-11-22,2023-11-22,2023-11-22T22:00:00,2023-11-22T22:30:00,2567.9
2023-11-22,2023-11-22,2023-11-22T22:00:00,2023-11-22T22:30:00,2616.9
2023-11-22,2023-11-22,2023-11-22T22:30:00,2023-11-22T23:00:00,2618.3
2023-11-22,2023-11-22,2023-11-22T22:30:00,2023-11-22T23:00:00,2557.0
2023-11-22,2023-11-22,2023-11-22T22:30:00,2023-11-22T23:00:00,2596.4
2023-11-23,2023-11-22,2023-11-22T23:00:00,2023-11-22T23:30:00,2647.8
2023-11-23,2023-11-22,2023-11-22T23:30:00,2023-11-23T00:00:00,2638.8
2023-11-23,2023-11-23,2023-11-23T00:00:00,2023-11-23T00:30:00,2613.8
2023-11-23,2023-11-23,2023-11-23T00:30:00,2023-11-23T01:00:00,2616.9
2023-11-23,2023-11-23,2023-11-23T01:00:00,2023-11-23T01:30:00,2620.5
2023-11-23,2023-11-23,2023-11-23T01:30:00,2023-11-23T02:00:00,2616.6
2023-11-23,2023-11-23,2023-11-23T02:00:00,2023-11-23T02:30:00,2613.1
2023-11-23,2023-11-23,2023-11-23T02:30:00,2023-11-23T03:00:00,2607.7
2023-11-23,2023-11-23,2023-11-23T03:00:00,2023-11-23T03:30:00,2617.1
2023-11-23,2023-11-23,2023-11-23T03:30:00,2023-11-23T04:00:00,2620.7
2023-11-23,2023-11-23,2023-11-23T04:00:00,2023-11-23T04:30:00,2656.8
2023-11-23,2023-11-23,2023-11-23T04:30:00,2023-11-23T05:00:00,2665.8
2023-11-23,2023-11-23,2023-11-23T05:00:00,2023-11-23T05:30:00,2706.6
2023-11-23,2023-11-23,2023-11-23T05:30:00,2023-11-23T06:00:00,2715.9
2023-11-23,2023-11-23,2023-11-23T06:00:00,2023-11-23T06:30:00,2768.4
2023-11-23,2023-11-23,2023-11-23T06:30:00,2023-11-23T07:00:00,2775.2
2023-11-23,2023-11-23,2023-11-23T07:00:00,2023-11-23T07:30:00,2801.9
2023-11-23,2023-11-23,2023-11-23T07:30:00,2023-11-23T08:00:00,2810.4
2023-11-23,2023-11-23,2023-11-23T08:00:00,2023-11-23T08:30:00,2816.3
2023-11-23,2023-11-23,2023-11-23T08:30:00,2023-11-23T09:00:00,2809.5
2023-11-23,2023-11-23,2023-11-23T09:00:00,2023-11-23T09:30:00,2810.3
2023-11-23,2023-11-23,2023-11-23T09:30:00,2023-11-23T10:00:00,2813.0
2023-11-23,2023-11-23,2023-11-23T10:00:00,2023-11-23T10:30:00,2822.1
2023-11-23,2023-11-23,2023-11-23T10:30:00,2023-11-23T11:00:00,2824.1
2023-11-23,2023-11-23,2023-11-23T11:00:00,2023-11-23T11:30:00,2833.4
2023-11-23,2023-11-23,2023-11-23T11:00:00,2023-11-23T11:30:00,2803.1
2023-11-23,2023-11-23,2023-11-23T11:30:00,2023-11-23T12:00:00,2810.9
2023-11-23,2023-11-23,2023-11-23T11:30:00,2023-11-23T12:00:00,2840.1
2023-11-23,2023-11-23,2023-11-23T12:00:00,2023-11-23T12:30:00,2851.7
2023-11-23,2023-11-23,2023-11-23T12:00:00,2023-11-23T12:30:00,2824.1
2023-11-23,2023-11-23,2023-11-23T12:30:00,2023-11-23T13:00:00,2856.4
2023-11-23,2023-11-23,2023-11-23T12:30:00,2023-11-23T13:00:00,2815.7
2023-11-23,2023-11-23,2023-11-23T13:00:00,2023-11-23T13:30:00,2841.4
2023-11-23,2023-11-23,2023-11-23T13:00:00,2023-11-23T13:30:00,2813.7
2023-11-23,2023-11-23,2023-11-23T13:30:00,2023-11-23T14:00:00,2828.0
2023-11-23,2023-11-23,2023-11-23T13:30:00,2023-11-23T14:00:00,2780.3
2023-11-23,2023-11-23,2023-11-23T14:00:00,2023-11-23T14:30:00,2738.4
2023-11-23,2023-11-23,2023-11-23T14:00:00,2023-11-23T14:30:00,2783.2
2023-11-23,2023-11-23,2023-11-23T14:30:00,2023-11-23T15:00:00,2764.7
2023-11-23,2023-11-23,2023-11-23T14:30:00,2023-11-23T15:00:00,2717.5
2023-11-23,2023-11-23,2023-11-23T15:00:00,2023-11-23T15:30:00,2693.4
2023-11-23,2023-11-23,2023-11-23T15:00:00,2023-11-23T15:30:00,2658.2
2023-11-23,2023-11-23,2023-11-23T15:30:00,2023-11-23T16:00:00,2676.6
2023-11-23,2023-11-23,2023-11-23T15:30:00,2023-11-23T16:00:00,2634.2
2023-11-23,2023-11-23,2023-11-23T16:00:00,2023-11-23T16:30:00,2611.6
2023-11-23,2023-11-23,2023-11-23T16:00:00,2023-11-23T16:30:00,2569.7
2023-11-23,2023-11-23,2023-11-23T16:30:00,2023-11-23T17:00:00,2538.2
2023-11-23,2023-11-23,2023-11-23T16:30:00,2023-11-23T17:00:00,2609.1
2023-11-23,2023-11-23,2023-11-23T17:00:00,2023-11-23T17:30:00,2528.0
2023-11-23,2023-11-23,2023-11-23T17:00:00,2023-11-23T17:30:00,2456.3
2023-11-23,2023-11-23,2023-11-23T17:00:00,2023-11-23T17:30:00,2437.7
2023-11-23,2023-11-23,2023-11-23T17:30:00,2023-11-23T18:00:00,2507.4
2023-11-23,2023-11-23,2023-11-23T17:30:00,2023-11-23T18:00:00,2430.3
2023-11-23,2023-11-23,2023-11-23T17:30:00,2023-11-23T18:00:00,2416.6
2023-11-23,2023-11-23,2023-11-23T18:00:00,2023-11-23T18:30:00,2274.6
2023-11-23,2023-11-23,2023-11-23T18:00:00,2023-11-23T18:30:00,2359.8
2023-11-23,2023-11-23,2023-11-23T18:00:00,2023-11-23T18:30:00,2282.8
2023-11-23,2023-11-23,2023-11-23T18:30:00,2023-11-23T19:00:00,2243.1
2023-11-23,2023-11-23,2023-11-23T18:30:00,2023-11-23T19:00:00,2245.9
2023-11-23,2023-11-23,2023-11-23T18:30:00,2023-11-23T19:00:00,2333.7
2023-11-23,2023-11-23,2023-11-23T19:00:00,2023-11-23T19:30:00,2151.8
2023-11-23,2023-11-23,2023-11-23T19:00:00,2023-11-23T19:30:00,2065.6
2023-11-23,2023-11-23,2023-11-23T19:00:00,2023-11-23T19:30:00,2062.4
2023-11-23,2023-11-23,2023-11-23T19:30:00,2023-11-23T20:00:00,2124.4
2023-11-23,2023-11-23,2023-11-23T19:30:00,2023-11-23T20:00:00,2030.4
2023-11-23,2023-11-23,2023-11-23T19:30:00,2023-11-23T20:00:00,2025.5
2023-11-23,2023-11-23,2023-11-23T20:00:00,2023-11-23T20:30:00,1865.4
2023-11-23,2023-11-23,2023-11-23T20:00:00,2023-11-23T20:30:00,1858.8
2023-11-23,2023-11-23,2023-11-23T20:00:00,2023-11-23T20:30:00,1941.9
2023-11-23,2023-11-23,2023-11-23T20:30:00,2023-11-23T21:00:00,1914.1
2023-11-23,2023-11-23,2023-11-23T20:30:00,2023-11-23T21:00:00,1850.3
2023-11-23,2023-11-23,2023-11-23T20:30:00,2023-11-23T21:00:00,1822.1
2023-11-23,2023-11-23,2023-11-23T21:00:00,2023-11-23T21:30:00,1746.7
2023-11-23,2023-11-23,2023-11-23T21:00:00,2023-11-23T21:30:00,1705.9
2023-11-23,2023-11-23,2023-11-23T21:00:00,2023-11-23T21:30:00,1674.2
2023-11-23,2023-11-23,2023-11-23T21:30:00,2023-11-23T22:00:00,1643.6
2023-11-23,2023-11-23,2023-11-23T21:30:00,2023-11-23T22:00:00,1719.1
2023-11-23,2023-11-23,2023-11-23T21:30:00,2023-11-23T22:00:00,1652.2
2023-11-23,2023-11-23,2023-11-23T22:00:00,2023-11-23T22:30:00,1541.5
2023-11-23,2023-11-23,2023-11-23T22:00:00,2023-11-23T22:30:00,1499.5
2023-11-23,2023-11-23,2023-11-23T22:00:00,2023-11-23T22:30:00,1575.1
2023-11-23,2023-11-23,2023-11-23T22:30:00,2023-11-23T23:00:00,1556.0
2023-11-23,2023-11-23,2023-11-23T22:30:00,2023-11-23T23:00:00,1545.9
2023-11-23,2023-11-23,2023-11-23T22:30:00,2023-11-23T23:00:00,1498.1
2023-11-24,2023-11-23,2023-11-23T23:00:00,2023-11-23T23:30:00,1193.1
2023-11-24,2023-11-23,2023-11-23T23:30:00,2023-11-24T00:00:00,1178.0
2023-11-24,2023-11-24,2023-11-24T00:00:00,2023-11-24T00:30:00,1122.4
2023-11-24,2023-11-24,2023-11-24T00:30:00,2023-11-24T01:00:00,1114.0
2023-11-24,2023-11-24,2023-11-24T01:00:00,2023-11-24T01:30:00,1073.3
2023-11-24,2023-11-24,2023-11-24T01:30:00,2023-11-24T02:00:00,1064.4
2023-11-24,2023-11-24,2023-11-24T02:00:00,2023-11-24T02:30:00,1006.2
2023-11-24,2023-11-24,2023-11-24T02:30:00,2023-11-24T03:00:00,995.6
2023-11-24,2023-11-24,2023-11-24T03:00:00,2023-11-24T03:30:00,943.7
2023-11-24,2023-11-24,2023-11-24T03:30:00,2023-11-24T04:00:00,937.5
2023-11-24,2023-11-24,2023-11-24T04:00:00,2023-11-24T04:30:00,877.2
2023-11-24,2023-11-24,2023-11-24T04:30:00,2023-11-24T05:00:00,869.4
2023-11-24,2023-11-24,2023-11-24T05:00:00,2023-11-24T05:30:00,797.2
2023-11-24,2023-11-24,2023-11-24T05:30:00,2023-11-24T06:00:00,784.4
2023-11-24,2023-11-24,2023-11-24T06:00:00,2023-11-24T06:30:00,721.4
2023-11-24,2023-11-24,2023-11-24T06:30:00,2023-11-24T07:00:00,712.3
2023-11-24,2023-11-24,2023-11-24T07:00:00,2023-11-24T07:30:00,672.0
2023-11-24,2023-11-24,2023-11-24T07:30:00,2023-11-24T08:00:00,661.6
2023-11-24,2023-11-24,2023-11-24T08:00:00,2023-11-24T08:30:00,626.4
2023-11-24,2023-11-24,2023-11-24T08:30:00,2023-11-24T09:00:00,621.6
2023-11-24,2023-11-24,2023-11-24T09:00:00,2023-11-24T09:30:00,606.7
2023-11-24,2023-11-24,2023-11-24T09:30:00,2023-11-24T10:00:00,597.1
2023-11-24,2023-11-24,2023-11-24T10:00:00,2023-11-24T10:30:00,599.6
2023-11-24,2023-11-24,2023-11-24T10:30:00,2023-11-24T11:00:00,597.5
2023-11-24,2023-11-24,2023-11-24T11:00:00,2023-11-24T11:30:00,625.4
2023-11-24,2023-11-24,2023-11-24T11:00:00,2023-11-24T11:30:00,633.1
2023-11-24,2023-11-24,2023-11-24T11:30:00,2023-11-24T12:00:00,623.2
2023-11-24,2023-11-24,2023-11-24T11:30:00,2023-11-24T12:00:00,633.7
2023-11-24,2023-11-24,2023-11-24T12:00:00,2023-11-24T12:30:00,639.2
2023-11-24,2023-11-24,2023-11-24T12:00:00,2023-11-24T12:30:00,629.4
2023-11-24,2023-11-24,2023-11-24T12:30:00,2023-11-24T13:00:00,627.3
2023-11-24,2023-11-24,2023-11-24T12:30:00,2023-11-24T13:00:00,637.0
2023-11-24,2023-11-24,2023-11-24T13:00:00,2023-11-24T13:30:00,577.9
2023-11-24,2023-11-24,2023-11-24T13:00:00,2023-11-24T13:30:00,589.1
2023-11-24,2023-11-24,2023-11-24T13:30:00,2023-11-24T14:00:00,574.5
2023-11-24,2023-11-24,2023-11-24T13:30:00,2023-11-24T14:00:00,578.8
2023-11-24,2023-11-24,2023-11-24T14:00:00,2023-11-24T14:30:00,476.4
2023-11-24,2023-11-24,2023-11-24T14:00:00,2023-11-24T14:30:00,486.2
2023-11-24,2023-11-24,2023-11-24T14:30:00,2023-11-24T15:00:00,473.3
2023-11-24,2023-11-24,2023-11-24T14:30:00,2023-11-24T15:00:00,467.5
2023-11-24,2023-11-24,2023-11-24T15:00:00,2023-11-24T15:30:00,362.8
2023-11-24,2023-11-24,2023-11-24T15:00:00,2023-11-24T15:30:00,371.4
2023-11-24,2023-11-24,2023-11-24T15:30:00,2023-11-24T16:00:00,349.9
2023-11-24,2023-11-24,2023-11-24T15:30:00,2023-11-24T16:00:00,346.3
2023-11-24,2023-11-24,2023-11-24T16:00:00,2023-11-24T16:30:00,284.8
2023-11-24,2023-11-24,2023-11-24T16:00:00,2023-11-24T16:30:00,295.1
2023-11-24,2023-11-24,2023-11-24T16:30:00,2023-11-24T17:00:00,287.9
2023-11-24,2023-11-24,2023-11-24T16:30:00,2023-11-24T17:00:00,296.7
2023-11-24,2023-11-24,2023-11-24T17:00:00,2023-11-24T17:30:00,250.4
2023-11-24,2023-11-24,2023-11-24T17:00:00,2023-11-24T17:30:00,234.8
2023-11-24,2023-11-24,2023-11-24T17:00:00,2023-11-24T17:30:00,245.6
2023-11-24,2023-11-24,2023-11-24T17:30:00,2023-11-24T18:00:00,243.5
2023-11-24,2023-11-24,2023-11-24T17:30:00,2023-11-24T18:00:00,248.2
2023-11-24,2023-11-24,2023-11-24T17:30:00,2023-11-24T18:00:00,233.7
2023-11-24,2023-11-24,2023-11-24T18:00:00,2023-11-24T18:30:00,208.8
2023-11-24,2023-11-24,2023-11-24T18:00:00,2023-11-24T18:30:00,211.4
2023-11-24,2023-11-24,2023-11-24T18:00:00,2023-11-24T18:30:00,200.7
2023-11-24,2023-11-24,2023-11-24T18:30:00,2023-11-24T19:00:00,207.4
2023-11-24,2023-11-24,2023-11-24T18:30:00,2023-11-24T19:00:00,199.7
2023-11-24,2023-11-24,2023-11-24T18:30:00,2023-11-24T19:00:00,208.4
2023-11-24,2023-11-24,2023-11-24T19:00:00,2023-11-24T19:30:00,182.8
2023-11-24,2023-11-24,2023-11-24T19:00:00,2023-11-24T19:30:00,176.1
2023-11-24,2023-11-24,2023-11-24T19:00:00,2023-11-24T19:30:00,182.4
2023-11-24,2023-11-24,2023-11-24T19:30:00,2023-11-24T20:00:00,177.9
2023-11-24,2023-11-24,2023-11-24T19:30:00,2023-11-24T20:00:00,178.4
2023-11-24,2023-11-24,2023-11-24T19:30:00,2023-11-24T20:00:00,176.1
2023-11-24,2023-11-24,2023-11-24T20:00:00,2023-11-24T20:30:00,158.9
2023-11-24,2023-11-24,2023-11-24T20:00:00,2023-11-24T20:30:00,159.5
2023-11-24,2023-11-24,2023-11-24T20:00:00,2023-11-24T20:30:00,160.3
2023-11-24,2023-11-24,2023-11-24T20:30:00,2023-11-24T21:00:00,159.0
2023-11-24,2023-11-24,2023-11-24T20:30:00,2023-11-24T21:00:00,158.3
2023-11-24,2023-11-24,2023-11-24T20:30:00,2023-11-24T21:00:00,158.1
2023-11-24,2023-11-24,2023-11-24T21:00:00,2023-11-24T21:30:00,143.1
2023-11-24,2023-11-24,2023-11-24T21:00:00,2023-11-24T21:30:00,142.1
2023-11-24,2023-11-24,2023-11-24T21:30:00,2023-11-24T22:00:00,141.8
2023-11-24,2023-11-24,2023-11-24T21:30:00,2023-11-24T22:00:00,145.2
2023-11-24,2023-11-24,2023-11-24T21:30:00,2023-11-24T22:00:00,145.9
2023-11-24,2023-11-24,2023-11-24T22:00:00,2023-11-24T22:30:00,127.4
2023-11-24,2023-11-24,2023-11-24T22:00:00,2023-11-24T22:30:00,126.9
2023-11-24,2023-11-24,2023-11-24T22:00:00,2023-11-24T22:30:00,128.4
2023-11-24,2023-11-24,2023-11-24T22:30:00,2023-11-24T23:00:00,125.1
2023-11-24,2023-11-24,2023-11-24T22:30:00,2023-11-24T23:00:00,127.5
2023-11-24,2023-11-24,2023-11-24T22:30:00,2023-11-24T23:00:00,130.2
2023-11-25,2023-11-24,2023-11-24T23:00:00,2023-11-24T23:30:00,141.7
2023-11-25,2023-11-24,2023-11-24T23:30:00,2023-11-25T00:00:00,144.8
2023-11-25,2023-11-25,2023-11-25T00:00:00,2023-11-25T00:30:00,147.9
2023-11-25,2023-11-25,2023-11-25T00:30:00,2023-11-25T01:00:00,151.0
2023-11-25,2023-11-25,2023-11-25T01:00:00,2023-11-25T01:30:00,157.5
2023-11-25,2023-11-25,2023-11-25T01:30:00,2023-11-25T02:00:00,156.2
2023-11-25,2023-11-25,2023-11-25T02:00:00,2023-11-25T02:30:00,160.2
2023-11-25,2023-11-25,2023-11-25T02:30:00,2023-11-25T03:00:00,161.7
2023-11-25,2023-11-25,2023-11-25T03:00:00,2023-11-25T03:30:00,161.7
2023-11-25,2023-11-25,2023-11-25T03:30:00,2023-11-25T04:00:00,167.0
2023-11-25,2023-11-25,2023-11-25T04:00:00,2023-11-25T04:30:00,176.9
2023-11-25,2023-11-25,2023-11-25T04:30:00,2023-11-25T05:00:00,180.8
2023-11-25,2023-11-25,2023-11-25T05:00:00,2023-11-25T05:30:00,183.1
2023-11-25,2023-11-25,2023-11-25T05:30:00,2023-11-25T06:00:00,183.9
2023-11-25,2023-11-25,2023-11-25T06:00:00,2023-11-25T06:30:00,182.6
2023-11-25,2023-11-25,2023-11-25T06:30:00,2023-11-25T07:00:00,182.8
2023-11-25,2023-11-25,2023-11-25T07:00:00,2023-11-25T07:30:00,186.1
2023-11-25,2023-11-25,2023-11-25T07:30:00,2023-11-25T08:00:00,189.4
2023-11-25,2023-11-25,2023-11-25T08:00:00,2023-11-25T08:30:00,212.0
2023-11-25,2023-11-25,2023-11-25T08:30:00,2023-11-25T09:00:00,221.1
2023-11-25,2023-11-25,2023-11-25T09:00:00,2023-11-25T09:30:00,288.7
2023-11-25,2023-11-25,2023-11-25T09:30:00,2023-11-25T10:00:00,294.0
2023-11-25,2023-11-25,2023-11-25T10:00:00,2023-11-25T10:30:00,361.8
2023-11-25,2023-11-25,2023-11-25T10:30:00,2023-11-25T11:00:00,367.9
2023-11-25,2023-11-25,2023-11-25T11:00:00,2023-11-25T11:30:00,403.1
2023-11-25,2023-11-25,2023-11-25T11:00:00,2023-11-25T11:30:00,388.3
2023-11-25,2023-11-25,2023-11-25T11:30:00,2023-11-25T12:00:00,407.5
2023-11-25,2023-11-25,2023-11-25T11:30:00,2023-11-25T12:00:00,393.6
2023-11-25,2023-11-25,2023-11-25T12:00:00,2023-11-25T12:30:00,430.1
2023-11-25,2023-11-25,2023-11-25T12:00:00,2023-11-25T12:30:00,418.9
2023-11-25,2023-11-25,2023-11-25T12:30:00,2023-11-25T13:00:00,433.3
2023-11-25,2023-11-25,2023-11-25T12:30:00,2023-11-25T13:00:00,425.7
2023-11-25,2023-11-25,2023-11-25T13:00:00,2023-11-25T13:30:00,443.3
2023-11-25,2023-11-25,2023-11-25T13:00:00,2023-11-25T13:30:00,450.9
2023-11-25,2023-11-25,2023-11-25T13:30:00,2023-11-25T14:00:00,457.3
2023-11-25,2023-11-25,2023-11-25T13:30:00,2023-11-25T14:00:00,446.7
2023-11-25,2023-11-25,2023-11-25T14:00:00,2023-11-25T14:30:00,471.7
2023-11-25,2023-11-25,2023-11-25T14:00:00,2023-11-25T14:30:00,458.6
2023-11-25,2023-11-25,2023-11-25T14:30:00,2023-11-25T15:00:00,479.5
2023-11-25,2023-11-25,2023-11-25T14:30:00,2023-11-25T15:00:00,465.4
2023-11-25,2023-11-25,2023-11-25T15:00:00,2023-11-25T15:30:00,518.5
2023-11-25,2023-11-25,2023-11-25T15:00:00,2023-11-25T15:30:00,497.6
2023-11-25,2023-11-25,2023-11-25T15:30:00,2023-11-25T16:00:00,535.6
2023-11-25,2023-11-25,2023-11-25T15:30:00,2023-11-25T16:00:00,509.1
2023-11-25,2023-11-25,2023-11-25T16:00:00,2023-11-25T16:30:00,590.2
2023-11-25,2023-11-25,2023-11-25T16:00:00,2023-11-25T16:30:00,626.1
2023-11-25,2023-11-25,2023-11-25T16:30:00,2023-11-25T17:00:00,655.0
2023-11-25,2023-11-25,2023-11-25T16:30:00,2023-11-25T17:00:00,619.1
2023-11-25,2023-11-25,2023-11-25T17:00:00,2023-11-25T17:30:00,779.3
2023-11-25,2023-11-25,2023-11-25T17:00:00,2023-11-25T17:30:00,740.3
2023-11-25,2023-11-25,2023-11-25T17:00:00,2023-11-25T17:30:00,732.3
2023-11-25,2023-11-25,2023-11-25T17:30:00,2023-11-25T18:00:00,806.5
2023-11-25,2023-11-25,2023-11-25T17:30:00,2023-11-25T18:00:00,765.2
2023-11-25,2023-11-25,2023-11-25T17:30:00,2023-11-25T18:00:00,758.8
2023-11-25,2023-11-25,2023-11-25T18:00:00,2023-11-25T18:30:00,866.4
2023-11-25,2023-11-25,2023-11-25T18:00:00,2023-11-25T18:30:00,854.6
2023-11-25,2023-11-25,2023-11-25T18:00:00,2023-11-25T18:30:00,905.9
2023-11-25,2023-11-25,2023-11-25T18:30:00,2023-11-25T19:00:00,927.5
2023-11-25,2023-11-25,2023-11-25T18:30:00,2023-11-25T19:00:00,887.6
2023-11-25,2023-11-25,2023-11-25T18:30:00,2023-11-25T19:00:00,875.2
2023-11-25,2023-11-25,2023-11-25T19:00:00,2023-11-25T19:30:00,1037.4
2023-11-25,2023-11-25,2023-11-25T19:00:00,2023-11-25T19:30:00,992.2
2023-11-25,2023-11-25,2023-11-25T19:00:00,2023-11-25T19:30:00,980.3
2023-11-25,2023-11-25,2023-11-25T19:30:00,2023-11-25T20:00:00,1009.9
2023-11-25,2023-11-25,2023-11-25T19:30:00,2023-11-25T20:00:00,999.8
2023-11-25,2023-11-25,2023-11-25T19:30:00,2023-11-25T20:00:00,1063.9
2023-11-25,2023-11-25,2023-11-25T20:00:00,2023-11-25T20:30:00,1088.0
2023-11-25,2023-11-25,2023-11-25T20:00:00,2023-11-25T20:30:00,1161.3
2023-11-25,2023-11-25,2023-11-25T20:00:00,2023-11-25T20:30:00,1093.8
2023-11-25,2023-11-25,2023-11-25T20:30:00,2023-11-25T21:00:00,1184.7
2023-11-25,2023-11-25,2023-11-25T20:30:00,2023-11-25T21:00:00,1111.1
2023-11-25,2023-11-25,2023-11-25T20:30:00,2023-11-25T21:00:00,1103.4
2023-11-25,2023-11-25,2023-11-25T21:00:00,2023-11-25T21:30:00,1290.6
2023-11-25,2023-11-25,2023-11-25T21:00:00,2023-11-25T21:30:00,1220.9
2023-11-25,2023-11-25,2023-11-25T21:00:00,2023-11-25T21:30:00,1213.3
2023-11-25,2023-11-25,2023-11-25T21:30:00,2023-11-25T22:00:00,1225.0
2023-11-25,2023-11-25,2023-11-25T21:30:00,2023-11-25T22:00:00,1219.6
2023-11-25,2023-11-25,2023-11-25T21:30:00,2023-11-25T22:00:00,1304.6
2023-11-25,2023-11-25,2023-11-25T22:00:00,2023-11-25T22:30:00,1406.0
2023-11-25,2023-11-25,2023-11-25T22:00:00,2023-11-25T22:30:00,1319.5
2023-11-25,2023-11-25,2023-11-25T22:00:00,2023-11-25T22:30:00,1310.3
2023-11-25,2023-11-25,2023-11-25T22:30:00,2023-11-25T23:00:00,1424.7
2023-11-25,2023-11-25,2023-11-25T22:30:00,2023-11-25T23:00:00,1334.7
2023-11-25,2023-11-25,2023-11-25T22:30:00,2023-11-25T23:00:00,1320.3
2023-11-26,2023-11-25,2023-11-25T23:00:00,2023-11-25T23:30:00,1252.1
2023-11-26,2023-11-25,2023-11-25T23:30:00,2023-11-26T00:00:00,1269.6
2023-11-26,2023-11-26,2023-11-26T00:00:00,2023-11-26T00:30:00,1305.9
2023-11-26,2023-11-26,2023-11-26T00:30:00,2023-11-26T01:00:00,1313.7
2023-11-26,2023-11-26,2023-11-26T01:00:00,2023-11-26T01:30:00,1347.5
2023-11-26,2023-11-26,2023-11-26T01:30:00,2023-11-26T02:00:00,1341.0
2023-11-26,2023-11-26,2023-11-26T02:00:00,2023-11-26T02:30:00,1336.9
2023-11-26,2023-11-26,2023-11-26T02:30:00,2023-11-26T03:00:00,1323.0
2023-11-26,2023-11-26,2023-11-26T03:00:00,2023-11-26T03:30:00,1267.0
2023-11-26,2023-11-26,2023-11-26T03:30:00,2023-11-26T04:00:00,1230.7
2023-11-26,2023-11-26,2023-11-26T04:00:00,2023-11-26T04:30:00,1126.4
2023-11-26,2023-11-26,2023-11-26T04:30:00,2023-11-26T05:00:00,1085.1
2023-11-26,2023-11-26,2023-11-26T05:00:00,2023-11-26T05:30:00,969.2
2023-11-26,2023-11-26,2023-11-26T05:30:00,2023-11-26T06:00:00,942.1
2023-11-26,2023-11-26,2023-11-26T06:00:00,2023-11-26T06:30:00,856.0
2023-11-26,2023-11-26,2023-11-26T06:30:00,2023-11-26T07:00:00,836.1
2023-11-26,2023-11-26,2023-11-26T07:00:00,2023-11-26T07:30:00,762.9
2023-11-26,2023-11-26,2023-11-26T07:30:00,2023-11-26T08:00:00,753.9
2023-11-26,2023-11-26,2023-11-26T08:00:00,2023-11-26T08:30:00,700.0
2023-11-26,2023-11-26,2023-11-26T08:30:00,2023-11-26T09:00:00,694.1
2023-11-26,2023-11-26,2023-11-26T09:00:00,2023-11-26T09:30:00,632.5
2023-11-26,2023-11-26,2023-11-26T09:30:00,2023-11-26T10:00:00,631.7
2023-11-26,2023-11-26,2023-11-26T10:00:00,2023-11-26T10:30:00,583.4
2023-11-26,2023-11-26,2023-11-26T10:30:00,2023-11-26T11:00:00,585.2
2023-11-26,2023-11-26,2023-11-26T11:00:00,2023-11-26T11:30:00,565.3
2023-11-26,2023-11-26,2023-11-26T11:00:00,2023-11-26T11:30:00,547.3
2023-11-26,2023-11-26,2023-11-26T11:30:00,2023-11-26T12:00:00,558.3
2023-11-26,2023-11-26,2023-11-26T11:30:00,2023-11-26T12:00:00,571.5
2023-11-26,2023-11-26,2023-11-26T12:00:00,2023-11-26T12:30:00,559.2
2023-11-26,2023-11-26,2023-11-26T12:00:00,2023-11-26T12:30:00,539.3
2023-11-26,2023-11-26,2023-11-26T12:30:00,2023-11-26T13:00:00,566.7
2023-11-26,2023-11-26,2023-11-26T12:30:00,2023-11-26T13:00:00,549.9
2023-11-26,2023-11-26,2023-11-26T13:00:00,2023-11-26T13:30:00,561.8
2023-11-26,2023-11-26,2023-11-26T13:00:00,2023-11-26T13:30:00,548.9
2023-11-26,2023-11-26,2023-11-26T13:30:00,2023-11-26T14:00:00,564.5
2023-11-26,2023-11-26,2023-11-26T13:30:00,2023-11-26T14:00:00,556.0
2023-11-26,2023-11-26,2023-11-26T14:00:00,2023-11-26T14:30:00,525.8
2023-11-26,2023-11-26,2023-11-26T14:00:00,2023-11-26T14:30:00,553.8
2023-11-26,2023-11-26,2023-11-26T14:30:00,2023-11-26T15:00:00,546.2
2023-11-26,2023-11-26,2023-11-26T14:30:00,2023-11-26T15:00:00,519.6
2023-11-26,2023-11-26,2023-11-26T15:00:00,2023-11-26T15:30:00,524.6
2023-11-26,2023-11-26,2023-11-26T15:00:00,2023-11-26T15:30:00,497.0
2023-11-26,2023-11-26,2023-11-26T15:30:00,2023-11-26T16:00:00,523.6
2023-11-26,2023-11-26,2023-11-26T15:30:00,2023-11-26T16:00:00,492.1
2023-11-26,2023-11-26,2023-11-26T16:00:00,2023-11-26T16:30:00,523.8
2023-11-26,2023-11-26,2023-11-26T16:00:00,2023-11-26T16:30:00,493.9
2023-11-26,2023-11-26,2023-11-26T16:30:00,2023-11-26T17:00:00,505.6
2023-11-26,2023-11-26,2023-11-26T16:30:00,2023-11-26T17:00:00,531.7
2023-11-26,2023-11-26,2023-11-26T17:00:00,2023-11-26T17:30:00,556.2
2023-11-26,2023-11-26,2023-11-26T17:00:00,2023-11-26T17:30:00,560.7
2023-11-26,2023-11-26,2023-11-26T17:00:00,2023-11-26T17:30:00,548.1
2023-11-26,2023-11-26,2023-11-26T17:30:00,2023-11-26T18:00:00,563.4
2023-11-26,2023-11-26,2023-11-26T17:30:00,2023-11-26T18:00:00,550.5
2023-11-26,2023-11-26,2023-11-26T17:30:00,2023-11-26T18:00:00,564.5
2023-11-26,2023-11-26,2023-11-26T18:00:00,2023-11-26T18:30:00,573.1
2023-11-26,2023-11-26,2023-11-26T18:00:00,2023-11-26T18:30:00,555.9
2023-11-26,2023-11-26,2023-11-26T18:00:00,2023-11-26T18:30:00,568.9
2023-11-26,2023-11-26,2023-11-26T18:30:00,2023-11-26T19:00:00,564.8
2023-11-26,2023-11-26,2023-11-26T18:30:00,2023-11-26T19:00:00,571.8
2023-11-26,2023-11-26,2023-11-26T18:30:00,2023-11-26T19:00:00,550.9
2023-11-26,2023-11-26,2023-11-26T19:00:00,2023-11-26T19:30:00,550.6
2023-11-26,2023-11-26,2023-11-26T19:00:00,2023-11-26T19:30:00,567.3
2023-11-26,2023-11-26,2023-11-26T19:00:00,2023-11-26T19:30:00,541.2
2023-11-26,2023-11-26,2023-11-26T19:30:00,2023-11-26T20:00:00,568.4
2023-11-26,2023-11-26,2023-11-26T19:30:00,2023-11-26T20:00:00,530.3
2023-11-26,2023-11-26,2023-11-26T19:30:00,2023-11-26T20:00:00,545.8
2023-11-26,2023-11-26,2023-11-26T20:00:00,2023-11-26T20:30:00,531.4
2023-11-26,2023-11-26,2023-11-26T20:00:00,2023-11-26T20:30:00,574.4
2023-11-26,2023-11-26,2023-11-26T20:00:00,2023-11-26T20:30:00,547.7
2023-11-26,2023-11-26,2023-11-26T20:30:00,2023-11-26T21:00:00,546.0
2023-11-26,2023-11-26,2023-11-26T20:30:00,2023-11-26T21:00:00,529.9
2023-11-26,2023-11-26,2023-11-26T20:30:00,2023-11-26T21:00:00,571.7
2023-11-26,2023-11-26,2023-11-26T21:00:00,2023-11-26T21:30:00,571.9
2023-11-26,2023-11-26,2023-11-26T21:00:00,2023-11-26T21:30:00,538.4
2023-11-26,2023-11-26,2023-11-26T21:00:00,2023-11-26T21:30:00,563.0
2023-11-26,2023-11-26,2023-11-26T21:30:00,2023-11-26T22:00:00,570.9
2023-11-26,2023-11-26,2023-11-26T21:30:00,2023-11-26T22:00:00,535.2
2023-11-26,2023-11-26,2023-11-26T21:30:00,2023-11-26T22:00:00,565.4
2023-11-26,2023-11-26,2023-11-26T22:00:00,2023-11-26T22:30:00,556.9
2023-11-26,2023-11-26,2023-11-26T22:00:00,2023-11-26T22:30:00,553.0
2023-11-26,2023-11-26,2023-11-26T22:00:00,2023-11-26T22:30:00,585.1
2023-11-26,2023-11-26,2023-11-26T22:30:00,2023-11-26T23:00:00,580.8
2023-11-26,2023-11-26,2023-11-26T22:30:00,2023-11-26T23:00:00,550.8
2023-11-26,2023-11-26,2023-11-26T22:30:00,2023-11-26T23:00:00,545.0
2023-11-27,2023-11-26,2023-11-26T23:00:00,2023-11-26T23:30:00,649.7
2023-11-27,2023-11-26,2023-11-26T23:30:00,2023-11-27T00:00:00,650.7
2023-11-27,2023-11-27,2023-11-27T00:00:00,2023-11-27T00:30:00,635.5
2023-11-27,2023-11-27,2023-11-27T00:30:00,2023-11-27T01:00:00,635.2
2023-11-27,2023-11-27,2023-11-27T01:00:00,2023-11-27T01:30:00,636.8
2023-11-27,2023-11-27,2023-11-27T01:30:00,2023-11-27T02:00:00,634.2
2023-11-27,2023-11-27,2023-11-27T02:00:00,2023-11-27T02:30:00,642.5
2023-11-27,2023-11-27,2023-11-27T02:30:00,2023-11-27T03:00:00,642.6
2023-11-27,2023-11-27,2023-11-27T03:00:00,2023-11-27T03:30:00,693.0
2023-11-27,2023-11-27,2023-11-27T03:30:00,2023-11-27T04:00:00,695.3
2023-11-27,2023-11-27,2023-11-27T04:00:00,2023-11-27T04:30:00,752.9
2023-11-27,2023-11-27,2023-11-27T04:30:00,2023-11-27T05:00:00,766.7
2023-11-27,2023-11-27,2023-11-27T05:00:00,2023-11-27T05:30:00,847.3
2023-11-27,2023-11-27,2023-11-27T05:30:00,2023-11-27T06:00:00,859.9
2023-11-27,2023-11-27,2023-11-27T06:00:00,2023-11-27T06:30:00,963.2
2023-11-27,2023-11-27,2023-11-27T06:30:00,2023-11-27T07:00:00,980.0
2023-11-27,2023-11-27,2023-11-27T07:00:00,2023-11-27T07:30:00,1080.9
2023-11-27,2023-11-27,2023-11-27T07:30:00,2023-11-27T08:00:00,1101.7
2023-11-27,2023-11-27,2023-11-27T08:00:00,2023-11-27T08:30:00,1196.4
2023-11-27,2023-11-27,2023-11-27T08:30:00,2023-11-27T09:00:00,1222.1
2023-11-27,2023-11-27,2023-11-27T09:00:00,2023-11-27T09:30:00,1317.3
2023-11-27,2023-11-27,2023-11-27T09:30:00,2023-11-27T10:00:00,1344.2
2023-11-27,2023-11-27,2023-11-27T10:00:00,2023-11-27T10:30:00,1444.5
2023-11-27,2023-11-27,2023-11-27T10:30:00,2023-11-27T11:00:00,1472.6
2023-11-27,2023-11-27,2023-11-27T11:00:00,2023-11-27T11:30:00,1548.1
2023-11-27,2023-11-27,2023-11-27T11:00:00,2023-11-27T11:30:00,1560.8
2023-11-27,2023-11-27,2023-11-27T11:30:00,2023-11-27T12:00:00,1563.1
2023-11-27,2023-11-27,2023-11-27T11:30:00,2023-11-27T12:00:00,1580.4
2023-11-27,2023-11-27,2023-11-27T12:00:00,2023-11-27T12:30:00,1642.6
2023-11-27,2023-11-27,2023-11-27T12:00:00,2023-11-27T12:30:00,1629.1
2023-11-27,2023-11-27,2023-11-27T12:30:00,2023-11-27T13:00:00,1641.1
